{
    "MAE": 1.7488609987087698,
    "RMSE": 2.190938639437724,
    "Hiperpar\u00e1metros": {
        "learning_rate": 0.1,
        "max_depth": 5,
        "n_estimators": 100
    }
}